﻿Tags,Name,Text,Checkbox
version,Solidity versions,,No
version,Unlocked pragma,,No
version,Multiple Solidity pragma,,No
"access control, modifier",Incorrect access control,,No
"access control, withdraw",Unprotected withdraw function,Implement controls so withdrawals can only be triggered by authorized parties or according to the specs of the smart contract system.,No
"access control, reentrancy, selfdestruct",Unprotected call to selfdestruct,"ERC721 , nft , proxy , lendborrow, ERC20 , swap ",No
"modifier, reentrancy",Modifier side-effects,,No
modifier,Incorrect modifier,,No
constructor,Constructor names,,No
"constructor, inheritance",Void constructor,,No
"constructor, inheritance",Implicit constructor callValue check,,No
delegatecall,Controlled delegatecall,Use delegatecall  with caution and make sure to never call into untrusted contracts.,Yes
reentrancy,Reentrancy vulnerabilities,"• Make sure all internal state changes are performed before the call is executed. This is known as the https://solidity.readthedocs.io/en/latest/security-considerations.html#use-the-checks-effects-interactions-pattern
• Use a reentrancy lock (ie.  https://github.com/OpenZeppelin/openzeppelin-contracts/blob/master/contracts/utils/ReentrancyGuard.sol.",Yes
"erc777, reentrancy",ERC777 callbacks and reentrancy,,Yes
,Avoid transfer()/send() as reentrancy mitigations,,Yes
,Private on-chain data,Private data should be stored off chain,No
,Weak PRNG,,Yes
block.timestamp,Block values as time proxies,dont use block.timestamp,No
,Integer overflow/underflow,,No
,Divide before multiply,First multiplication then division,No
"erc20, frontrunning",Transaction order dependence,,No
"erc20, frontrunning, race condition",ERC20 approve() race condition,"safeApprove depricated , use safeIncreaseAllowance()",No
"ecrecover, signature malleability",Signature malleability,A signature should never be included into a signed message hash to check if previously messages have been processed by the contract.,No
"erc20, transfer()",ERC20 transfer() does not return boolean,"use SafeERC20 ",No
"erc721, ownerOf()",Incorrect return values for ERC721 ownerOf(),Use openzeppelin Erc721,No
"erc20, payable, selfdestruct",Unexpected Ether and this.balance,,Yes
"fallback(), recieve()",fallback vs receive(),,No
equality,Dangerous strict equalities,"Consider using >= or <=  instead of ==
",No
"payable, withdraw",Locked Ether,Remove payable attribute or add withdraw function.,No
"msg.sender, tx.origin",Dangerous usage of tx.origin,Use msg.sender instead,No
extcodesize,Contract check,Avoid using extcodesize to check for Externally Owned Accounts.,No
"mapping, struct",Deleting a mapping within a struct,"use alternative Lock vs Delete ",No
tautology,Tautology or contradiction,,No
bool,Boolean constant,"Use of Boolean Constant within conditional is flawed logic ",No
bool,Boolean equality,if (x == true) is redundant . if (x) will work,No
,State-modifying functions,,No
"return, unchecked",Return values of low-level calls,Low level methods does not throw exception . Ensure that they are checked,No
,Account existence check for low-level calls,"Low level calls to check account existence will return true even if there is no account ",No
,Dangerous shadowing,,No
,Dangerous state variable shadowing,,No
,Pre-declaration usage of local variables,variable used before declaration will result in unintendted consequences,No
"dos, gas, loop",Costly operations inside a loop,"Use Local variables ",No
"dos, loop",Calls inside a loop,"Avoid calls within loops, check that loop index cannot be user-controlled or is bounded.",No
"array, dos, gas","DoS with block gas limit
","check if loop index is user controlled ",No
events,Missing events,add events where critical operation are happening,No
"erc20, events",Unindexed event parameters,"Add the indexed keyword to event parameters that should include it, according to the ERC20 specification.",No
events,Incorrect event signature in libraries,,No
,Dangerous unary expressions,,No
zero address,Missing zero address validation,"perfom input validation on all address param that are of address type to check that they are not zero addresses . ",No
address,Critical address change,Reg. New address then replace the old address,No
,,,No
"assert, require",assert()/require() state change,"Consider whether the condition checked in the assert() is actually an invariant. If not, replace the assert() statement with a require() statement.",No
"assert, require",require() vs assert(),"use assert to create panic if error and use require if expected an error ",No
"deprecated, keywords",Deprecated keywords,avoid the use of deprecated keywords,No
function,Function default visibility,"mention the visibility of a function explicitly ",No
inheritance,Incorrect inheritance order,The rule of thumb is to inherit contracts from more /general/ to more /specific/.,Yes
inheritance,Missing inheritance,,No
gas,Insufficient gas griefing,,No
function,Modifying reference type parameters,Ensure correct usage of memory and storage in function parameters and make all data locations explicit.,No
function,Arbitrary jump with function type variable,The use of assembly should be minimal. A developer should not allow a user to assign arbitrary values to function type variables.,No
"abi, hash",Hash collisions with multiple variable length arguments,"avoid the use of packed primitive but if not then only use one variable length argument ",Yes
signature malleability,Malleability risk from dirty high order bits,dirty higher order bits in msg.data is not good,No
assembly,Incorrect shift in assembly,check for shift operation in solidity assembly,No
assembly,Assembly usage,"assembly is prone to errors . if used , then double check ",No
RTL,Right-To-Left-Override control character (U+202E),ensure the absense of RTLO,No
"constant, state variables",Constant state variables,"unchanged state variable should be declared as constant ",No
variable,Similar variable names,"names of variables should be as distinct as possible ",No
"address, bool",Uninitialized state/local variables,state and local variables should be initialized with reasonable values,No
"pointers, storage",Uninitialized storage pointers,"Uninitialized local storage variable can poin to unexpected location ",No
"constructor, pointers",Uninitialized function pointers in constructors,,No
number,Long number literals,long number literals are prone to errors . use scientific notation,No
enum,Out-of-range enum,"out of range enum - compiler , it is fixed",No
function,Uncalled public functions,functions that are never called from within the contracts should be declared external to save gas.,No
dead code,Dead/Unreachable code,"oppurtunity for gas optimization . use dead code or remove it ",No
"return, variable",Unused return values,Ensure that all the return values of the function calls are used.,No
variable,Unused variables,gas optimization,No
statements,Redundant statements,"missing logic or optimzation ",No
abi,Storage array with signed Integers with ABIEncoderV2,fixed,No
constructor,Dynamic constructor arguments clipped with ABIEncoderV2,fixed,No
abi,Storage array with multiSlot element with ABIEncoderV2,fixed,No
struct,Calldata structs with statically sized and dynamically encoded members with ABIEncoderV2,fixed,No
abi,Packed storage with ABIEncoderV2,fixed,No
"abi, assembly",Incorrect loads with Yul optimizer and ABIEncoderV2,fixed,No
"abi, array",Array slice dynamically encoded base type with ABIEncoderV2,fixed,No
abi,Missing escaping in formatting with ABIEncoderV2,fixed,No
assembly,Double shift size overflow,fixed,No
optimizer,Incorrect byte instruction optimization,fixed,No
assembly,Essential assignments removed with Yul Optimizer,fixed,No
function,Private methods overridden,fixed,No
tuple,Tuple assignment multi stack slot components,fixed,No
array,Dynamic array cleanup,"latest bug in 0.7 , fixed",No
array,Empty byte array copy,"0.7 bug , fixed",No
array,Memory array creation overflow,fixed,No
calldata,"Calldata
 using for",fixed,No
function,Free function redefinition,"bug 0.7 , fixed",No
proxy,Unprotected initializers in proxy-based upgradeable contracts,use openzeppelin initializable lib.,No
"proxy, state variables",Initializing state-variables in proxy-based upgradeable contracts,"dont initialize during declaration ",No
proxy,Import upgradeable contracts in proxy-based upgradeable contracts,"check the same rules for derived contracts also ",No
"delegatecall, proxy, selfdestruct",Avoid selfdestruct or delegatecall in proxy-based upgradeable contracts,parity hack,No
"proxy, state variables",State variables in proxy-based upgradeable contracts,same → order/layout/type/mutability,No
"function, proxy",Function ID collision between proxy/implementation in proxy-based upgradeable contracts,Rename the function. Avoid public functions in the proxy.,No
"function, proxy",Function shadowing between proxy/contract in proxy-based upgradeable contracts,Rename the function. Avoid public functions in the proxy.,No
"bool, erc20",ERC20 transfer and transferFrom,"Use safeErc20 ",No
"erc20, function","ERC20 name, decimals, and symbol functions","Do not assume that these primitives are always present coz they are optional ",No
"erc20, uint",ERC20 decimals returns a uint8,check which type is being used by contract if uint256 is used then make sure that the decimal value is  ≤ 255,No
"erc20, race condition",ERC20 approve race-condition,"use increae/decrease allowance ",No
"erc777, reentrancy",ERC777 hooks,"hooks should not make external call ",Yes
"erc20, token deflation",Token Deflation via fees,"Check Deflation Unexpected Behaviour ",No
"erc20, token inflation",Token Inflation via interest,"check inflation trapped in contract ",No
"erc20, token complexity",Token contract avoids unneeded complexity,"complexity → Bugs . Avoid unnecesssary complexities ",No
"erc20, non token",Token contract has only a few non–token-related functions,"avoid non-token related functions ",No
"address, erc20",Token only has one address,make sure erc20 contract works with a single address,No
"erc20, upgradeable",Token is not upgradeable,make sure that token are not upgradable .,No
"erc20, mint",Token owner has limited minting capabilities,"be aware of any such capabilities in miniting functionality ",No
"erc20, guarded launch, pause",Token is not pausable,,No
"blacklist, erc20","Token owner cannot blacklist the contract
","Cannot Blacklist ",Yes
"erc20, team",Token development team is known and can be held responsible for abuse,"Team risk can translate into a legal risk ",No
"erc20, owner",No token user owns most of the supply,"Centralization risk can be manifested into security risk ",No
"erc20, supply",Token total supply is sufficient,"Increased manipulation rsik ",No
"erc20, listing",Tokens are located in more than a few exchanges,,No
"arbitrage, balance, erc20, flash loans",Token balance and Flash loans,"Manipulation Risk ",No
"erc20, flash loans, mint",Token does not allow flash minting,"Overflow or Balance/Supply assumption → manipulation risk ",No
"erc1400, security tokens",ERC1400 permissioned addresses,"DOS risk ",No
erc1400,ERC1400 forced transfers,"Unbounded transfer ",No
erc1644,ERC1644 forced transfers,Unbounded transfer,No
erc621,ERC621 control of totalSupply,"Token Supply Risk ",No
erc884,ERC884 cancel and reissue,"Token Holding risk ",No
erc884,ERC884 whitelisting,Transfer Risk,No
"asset limit, guarded launch",Guarded launch via asset limits,"Launch with low assets and overtime increase that ",No
"asset types, guarded launch",Guarded launch via asset types,Launch with few asset type and overtime increase,No
"guarded launch, user limit",Guarded launch via user limits,Launch for few trusted users first,No
"guarded launch, usage limit",Guarded launch via usage limits,"usage is limited upon launch ",No
guarded launch,Guarded launch via composability limits,"gradual increase of exposure with other apps ",No
"escrow, guarded launch",Guarded launch via escrows,"First start with escrow then remove ",No
"circuit breaker, guarded launch",Guarded launch via circuit breakers,"start with circuit breaker then remove ",No
guarded launch,Guarded launch via emergency shutdown,"start with emergency shutdown capabolities then remove this ",No
,System specification,,No
,System documentation,,No
function,Function parameters,"Input validation of every function param should be done specially if public ",No
function,Function arguments,"check function arguments ",No
function,Function visibility,"Strictest Visibility should be implemented ",No
"function, modifier",Function modifiers,"Determine if any specific modifier is missing or incorrectly implemented . ordering of modifier should also be checked ",No
"function, return",Function return values,"Make sure that correct return value is returned by function . also the call sites should use those return values approprietely ",No
"function, timing",Function invocation timeliness,Do not assume that functions will be called in a timely manner . Robust handling of system state transition should be done,No
function,Function invocation repetitiveness,"Do not assume that function will only be called once ",No
function,Function invocation order,Do not assume that functions will be called in a specific order only,No
function,Function invocation arguments,Do not assume the the arguments input to the function will be valid,No
conditional,Conditionals,,No
access control,Access control specification,Should be specified in great detail,No
access control,Access control implementation,Every specified control is implement uniformly and accurately,No
modifier,Missing modifiers,review modifiers,No
modifier,Incorrectly implemented modifiers,modifiers are enforcing correctly in case of RBAC,No
modifier,Incorrectly used modifiers,"Ensure correct usage ",No
access control,Access control changes,"if access control is to be changed , validate / two step process ",No
,Comments,,No
,Tests,,No
,Unused constructs,,No
,Redundant constructs,,No
,ETH Handling,,No
,"Token Handling ",,No
,Trusted actors,,No
,Privileged roles and EOAs,"EOA vs Multisig ",No
,Two-step change of privileged roles,"Use a Two step change ",No
,Time-delayed change of critical parameters,"Delay parameter change with time lock  ",No
,Explicit over Implicit,Favor Explicit over Implicit,No
,Configuration issues," ",No
,Initialization issues,check Initialization,No
,Cleanup issues,,No
,Data processing issues,,No
,Data validation issues,,No
,Numerical issues,,No
,Accounting issues,implement check accounting issues,No
,Access control issues,,No
,Auditing/logging issues,,No
,Cryptography issues,,No
,Error-reporting issues,"ensure sufficient error reporting ",No
,Denial-of-Service (DoS) issues,,No
,Timing issues,,No
,Ordering issues,,No
,Undefined behavior issues,,No
,External interaction issues,,No
,Trust issues,never trust but always verify,No
gas,Gas issues,"incorrect assumtions of gas ",No
,Dependency issues,,No
,Constant issues,,No
,Freshness issues,"ex .- use of nonce ",No
,Scarcity issues,"incorrect of scarcity ",No
,Incentive issues,,No
,Clarity issues,,No
,Privacy issues,assumption of privacy,No
,Cloning issues,Do not copy code,No
,Business logic issues,,No
,Principle of Least Privilege,"only least amount of privilege should be given ",No
,Principle of Separation of Privilege,ex - usee of multisig to prevent single point of faliure,No
,Principle of Least Common Mechanism,,No
,Principle of Fail-safe Defaults,,No
,Principle of Complete Mediation,,No
,Principle of Economy of Mechanism,keep design as simple as possible,No
,Principle of Open Design,,No
,Principle of Psychological Acceptability,,No
,Principle of Work Factor,,No
,Principle of Compromise Recording,,No