﻿Tags,Name,Problem,Recommendation,Checkbox,"Linked to "
"erc20, transfer",Unhandled return values of transfer and transferFrom,,safeTransferFrom is now used instead of transferFrom in all locations . Check the return value and revert on 0/false,No,
reentrancy,Random task execution,,,Yes,
input validation,Tokens with more than 18 decimal points will cause issues,,Use SafeMath,No,
error handling,"Error codes of Compound’s Comptroller.enterMarket, Comptroller.exitMarket are not checked",Error Codes were not checked . Early checks of error codes is necessary,Check Error Code . Revert if necessary,No,
ordering,Reversed order of parameters in allowance function call,"Prameter order used in allowance function was not same as param order of safeTransferfrom ","Check for ordering of parameters as this might cause unintended errors ",No,
input validation,Token approvals can be stolen in DAOfiV1Router01.addLiquidity(),No address validation,Transfer tokens from msg.sender  instead of lp.sender,No,spbp [ 148 149 160 172 180 181 183 ]
error handling,swapExactTokensForETH checks the wrong return value,"had to check (amount of token recieved > min amount ) , but checked (initial reciever balance - router balance)",Find if something is checking exactly what should it check or else,No,
dos,"DAOfiV1Pair.deposit() accepts deposits of zero, blocking the pool",no check for a nonzero deposit amount,Require a minimum deposit amount with non-zero checks,Yes,
logic,GenesisGroup.commit overwrites previously-committed values,Commit function was overwriting previous commits,Ensure the committed amount is added to the existing commitment.,No,
timing,Purchasing and committing still possible after launch,"functions can be invoked more than once ","Consider adding validation to check functions are not called more than once if they are intended to do so ",No,spbp [145 178 143 177]
data validation,UniswapIncentive overflow on pre-transfer hooks,,"Use SafeCast ",Yes,"sol [177 ] spbp [19 , 138 , 146 ]"
timing,BondingCurve allows users to acquire FEI before launch,"allocate function can be called before genesis launch and bypass majority checks ","Ensure that function that any function should not be called before or after lauch if it is not intended to do so ",No,"spbp [ 26 158 145 178 143 177 ] "
error handling,Timed.isTimeEnded returns true if the timer has not been initialized,"The method returning true for most values, even though the timer has not technically been started","If Timed has not been initialized, isTimeEnded() should return false, or revert",No,spbp [145 178 143 177]
data validation,Overflow/underflow protection,Math Operations Overflow/Underflow,Use SafeMath or compiler ≥ 0.8.0,Yes,"sol [ 142 146 175 ] spbp [19 ] "
error handling,Unchecked return value for IWETH.transfer call,Unchecked Return Value of ERC20 transfer,"Add require of safeErc20 ",No,sol[149] spbp [142 175]
timing,GenesisGroup.emergencyExit remains functional after launch,"EmergencyExit remained functional after launch ",Ensure emergencyExit cannot be called if launch has been called and vice-versa,No,spbp [145 178 143 177]
error handling,ERC20 tokens with no return value will fail to transfer,Incorrect Reurn value check on ERC20 transfer,Consider using OpenZeppelin’s SafeERC20,No,
reentrancy,Reentrancy vulnerability in MetaSwap.swap(),Swap Reentrancy,Use a simple reentrancy guard,Yes,spbp 13 sol 157
access control,A new malicious adapter can access users’ tokens," Malicious Adapter could access user tokens ",Make MetaSwap contract the only contract that receives token approval.,Yes,spbp [4 148 149 159 181]
timing,Owner can front-run traders by updating adapters,"delegatecalled adapters can overwrite logic regardless of any policies . Users must fully trust adapters ","disallow modification of existing adapters. Instead, simply add new adapters and disable the old ones.",Yes,"spbp [21 163 181 184 ] "
timing,Users can collect interest from SavingsContract by only staking mTokens momentarily,"Abuse of Sliding Window ",Remove Window Anticipate/Prevent Abuse Such that that every deposit also updates the exchange rate between credits and tokens,No,spbp [142 177]
timing,Oracle updates can be manipulated to perform atomic front-running attack,"Incorrect assumption about the status of data from system or entities being fresh ","Enforce per Block/Tx Constraints . Update the oracle once per block ",Yes," spbp [ 21 178 185 ]"
input validation,Certain functions lack input validation routines,Lack of input validation,"Add Check Testing and input validation Use check effect interaction pattern ",No,spbp [138 146]
access control,Remove Loihi methods that can be used as backdoors by the administrator,"Admin could Abuse Backdoor Least privilege ",Make Code Static  Increase Trust,Yes,spbp [ 148 149 160 172 192 193 ]
dos,A reverting fallback function will lock up all payouts,Reverting Fallback function would lock up all payouts,"Ignore Failed Transfer or Implement a pull withdrawl pattern ",Yes,sol [158] spbp [ 43 176 158 ]
dos,Saferagequit makes you lose funds,Partial Withdrawl Lose remaining tokens,"Pull over push pattern implementation ",Yes,spbp [ 176 ]
dos,Creating proposal is not trustless,"Token get refunded if proposal gets rejected but no refund if proposal is not processed before emergency meeting ",Use Pull patterns for token withdrawl,No,spbp [176]
dos,Emergency processing can be blocked,,"Use a Pull Pattern in token transfer ",No,
dos,Token Overflow might result in system halt or loss of funds,"SafeMath reverts can break some system functionality due to overflow by artifically inflating the token price ",allow overflow for broken or malicious tokens,No,spbp [176 19]
dos,Whitelisted tokens limit,"interation over all whitelisited tokens , if too big can make function run out of gas ",limiting the number of whitelisted tokens or add function that removes the token from whitelist,No,spbp [142 44 176 182]
dos,Summoner can steal funds using bailout,"Given a lot of trust to the summoner to transfer funds ",use a Pull mechanism,No,spbp[176]
"dos, timing",Sponsorship front-running,,use Pull mechanism,Yes,spbp [21 176]
"dos, timing",Delegate assignment front-running,front running possible,use commir reveal hash method,Yes,spbp[176 21]
"access control, dos","Queued transactions cannot be canceled ","no way to cancel incorrect queued transaction by governor ",add a function of cancelling for governor or let governor inherit form timelock,Yes,spbp{176]
access control,Proposal transactions can be executed separately and block Proposal.execute call,,,Yes,spbp [4 141 148 149 150 172]
access control,Proposals could allow Timelock.admin takeover,"function to change timelock admin can be called by anyone , which is a risk","add a check that prevents setPendingAdmin to be included in a Proposal or let governor inherit from timelock ",No,spbp[148 149 172 196]
reentrancy,Reentrancy and untrusted contract call in mintMultiple,,,Yes,sol[157] spbp[13]
error handling,Lack of return value checks can lead to unexpected results,several function calls were not checking the return value,check the return value,No,spbp[74 142]
dos,External calls in loop can lead to denial of service,"function calls are made in unbounded loop ","review all the loops ",No,spbp[43 176 182]
data validation,OUSD allows users to transfer more tokens than expected,user could tranfer more token then it has due to rounding issue,"make sure that the balances are correctly checked before arithmetic is performed ",No,spbp[158 169 170]
data validation,"OUSD total supply can be arbitrary, even smaller than user balances",EIP-20 invariant balanceOf(x) <= totalSupply() was not met because changeSupply() function was not changing balance of rebaseOptOut users,clear all common invariants voliation for users and stakeholders,Yes,spbp [159 169 170]
undefined behaviour,Flash minting can be used to redeem fyDAI,,"Disallow Flash Minting  ",Yes,spbp [181 186]
access control,Lack of chainID validation allows signatures to be re-used across forks,,Include chainId opcode in permit schema to avoid replay attack in post deployment hardfork,Yes,spbp[174]
data validation,Lack of a contract existence check allows token theft,"Contract existence was not checked so you can steal token by registering a contract that is not even deployed ","Check for the contract existence ",Yes,sol [87] spbp[38 174]
timing,No incentive for bidders to vote earlier,"Users can change the outcome of voting by bidding with more funds in the last minute ","Incentize users to vote earlier . Consider weight of bid decreasing over time ",No,"spbp[177 187] "
access control,Lack of access control separation is risky,"Using same account to change both frequent and less frequent update is an error prone architecture ","Use Seperate accounts for handling different functions , and document the access control and set up proper authorization in long term ",No,spbp[148 149 172 194]
data validation,Lack of two-step procedure for critical operations leaves them error-prone,"Several critical operations in one call → error  prone ","Use the two procedure for all such critical address updates to prevent an irrecoverable mistake ",No,spbp[50 162]
configuration,Initialization functions can be front-run," Use of delegatecall proxy pattern doesn’t allow constructor initialization and so initialization functions are implemented which can be front runned ","Use a factory pattern or ensure deploy scripts are robust that can prevent front running ",Yes,"sol[192 ] spbp [21 95 143 166] "
data validation,Missing validation of _owner argument could indefinitely lock owner role,lack of data validation or zero address check leads to permanent locking,use zero address check and implement data validation  ( more inside ),Yes,spbp [49 50 162 ]
data validation,Incorrect comparison enables swapping and token draining at no cost,"Incorrect check comparison ","replace the >= with <= inside the require in the swap function. add unit test checking ",No,"spbp[147 169] "
dos,Unbound loop enables denial of service,"unbounded loop causing dos ","bound the loops and document them ",No,spbp[43 176 182]
"access control, timing",Front-running pool’s initialization can lead to draining of liquidity provider’s initial deposits,"no access control in initialize function , can be called by anyone . so pool can be initialized with incorrect price ","use constructor , protect initialization ",No,"sol [192 ] spbp [21 95 142 166]  "
"application logic, data validation",Swapping on zero liquidity allows for control of the pool’s price,,,Yes,
data validation,Failed transfer may be overlooked due to lack of contract existence check,".safeTransfer  performs a transfer with a low-level call without
confirming the contract’s existence","check contract existence before low level call . avoid low level calls if possible ",No,sol [87] spbp [38 174]
undefined behaviour,Use of undefined behavior in equality check,"using and assigning the same variable in equality check ","rewrite the equality ",No,spbp[179]
data validation,Assimilators’ balance functions return raw values,"The system converts raw values to numeraire values for its internal arithmetic. However, in one instance it uses raw values alongside numeraire values","unit testing and fuzzing and also dont do this ",No,"spbp [169] "
data validation,System always assumes USDC is equivalent to USD,"incorrect assumption without using oracle ","replace the hard-coded integer literal and use oracle ",No,"spbp [169 184] "
patching,Assimilators use a deprecated Chainlink API,usign depricated chainlink api,use the latest stable versions  of api,No,spbp [165 180 193 ]
data validation,cancelOrdersUpTo can be used to permanently block future orders,"function can cancel future orders if called with very large value such as unit 256 -1 ","document this behaviour or disallow this feature ",Yes,spbp [169]
specification,Specification-Code mismatch for AssetProxyOwner timelock period,,,Yes,"spbp [136 155 188] "
specification,Unclear documentation on how order filling can fail,"no clear documentation about the determination wether orders are fillable or not ",,Yes,
timing,Market makers have a reduced cost for performing front-running attacks,,,Yes,"spbp { 21 177 182 187 } "
timing,setSignatureValidatorApproval race condition may be exploitable,"user can delegate signature approval to validator . if validator is compromised , it can validate all the transaction before the call to remove validation gets approved ","document this behaviour and also monitor the chain for approval event to prevent front running ",No,"spbp [ 21 177 180 181 201 ]  "
dos,Batch processing of transaction execution and order matching may lead to exchange griefing,"if one transaction fails in a batch procesing , the entire batch will revert ",implement NoThrow variants for batch processing of transaction execution and order matching . also consider the malicious inputs when implementing function that perform batch operation,No,"spbp [43 175 176] "
data validation,Zero fee orders are possible if a user performs transactions with a zero gas price,"order can be submitted with paying zero gas fees . because user is selecting gas price ","select a minimum fees for protocol and for the long term , do not depend on the gas price for computation of protocol fees . this will avoid giving miners advantage ",No,
data validation,Calls to setParams may set invalid values and produce unexpected behavior in the staking contracts,"lack of sanity check when setting parameters ","add proper validation check and if its too complex then document the potential issues ",No,spbp [137 18 146 169 ]
data validation,Improper Supply Cap Limitation Enforcement,"the value of loan issued can exceed the supply cap since there is nothing to check that ","add a require statement for this ",No,spbp [ 159 169 171 ]
"data validation, dos",Improper Storage Management of Open Loan Accounts,"array is used to keep track of whoever has opened a loan . however , this gets added to array reagardless if the user has opened a loan before",Consider changing the  function to only push the account to the array if the loan to be stored is the first one for that particular account . Introduce a limit to the number of loans each account can have.,No,spbp [169 171 176 ]
configuration,Contract Owner Can Arbitrarily Change Minting Fees and Interest Rates,"owner is able to control the minting fees ","consider making minting fee to be constant and cannot be changed by the owner ",Yes,"spbp [ 163 165 184 ] "
configuration,Inadequate Proxy Implementation Preventing Contract Upgrades,incorrect proxy implementation - initialized in a constructor instead of a initialization function . so no variable will accessed in the contract while delegatecall," set fixed constant param as constant so that no need for constructor initialization . also implement a correct proxy pattern ‘",Yes,"sol [ 192 ] spbp [ 96 165 166 ] "
access control,Blacklisting Bypass via transferFrom() Function,transferfrom function does not verify wether the account is blacklisted or not . Blacklisting mechanism can be bypassed completly,notBlacklisted(address) modifier should be used a against the from address.,No,spbp [ 4 141 150 152 172 ]
ordering,Wrong Order of Operations Leads to Exponentiation of rewardPerTokenStored,,,Yes,
"ordering, timing",Staking Before Initial notifyRewardAmount Can Lead to Disproportionate Rewards,,"dont call the stake() function before notifyRewardAmount() is called for the first time . Alternatively, set lastUpdatetime to block.timestamp during the first execution of notifyRewardAmount() .",No,spbp [145 178 191 ]
error handling,External Call Reverts if Period Has Not Elapsed,"mint process requires external call . if external call gets failed then mint process will halt ",Consider handling the case where the reward period has not elapsed without reverting the call.,No,spbp [159 175]
"dos, timing",Gap Between Periods Can Lead to Erroneous Rewards,,,Yes,
"dos, timing",Malicious Users Can DOS/Hijack Requests From Chainlinked Contracts,,,Yes,
auditing & logging,Lack of event emission after sensitive actions,"function does not emit relevant events after executing the sensitive actions ","consider emmiting event after sensitive changes take place to facilitate tracking and notifying offchain clients following the contracts activity ",No,spbp [ 45 173 201 ]
specification,Functions with unexpected side-effects,"name of the function was not clear . name was sounding like getters but they were setters too . A new developer can wrongly modify the code ",split the function into separate getters and setters,No,sol [97] spbp [ 136 137 188 197 ]
dos,Mooniswap pairs cannot be unpaused,"shutdown function only has pause functionality but no unpause one . ","provide a way to upause also ",No,sol [ 156] spbp [134 135 176 ]
"dos, timing",Attackers can prevent honest users from performing an instant withdraw from the Wallet contract,"attacker see . submit own transaction with only so much gas that it run out . check detail description ",Consider adding an access control mechanism to restrict who can submit oracleMessages on behalf of the user.,Yes,"spbp [ 21 148 149 172 176 ] "
configuration,Not using upgrade safe contracts in FsToken inheritance,"importing ERC contracts not from upgradable library but from standard library . ( unsafe inheritance )  ","use the updgrade safe library ",No,"sol [192] spbp [97 165 166 ] "
error handling,Unchecked output of the ECDSA recover function,"ECDSA function set address(0) if it is invalid , which can cause unitended behaviour . It can allow user to perform some interaction on behalf of zero address ",revert if the ECDSA.recover is ever address (0) . Also modify the Registry.addOracle such that address (0)  can never be added as an oracle,No,"sol [ 166] spbp [ 49 174 175 ] "
configuration,Adding new variables to multi-level inherited upgradeable contracts may break storage layout,"in an unstructured storage pattern and working with multilevel inheritance , new variable introduction in in parent contract can change storage layout of child ","prevent this scenario by adding a storage gap in each  upgradable parent contract at the end of all the storage variable definiton for future variable addition ",Yes,sol [ 185-192 ] spbp [ 99 165 ]
data validation,Unsafe division in rdivide and wdivide functions,"division input not checking if the divisor is zero . ","use div function of openzeppelin safeMath libraries or add a require statment ",No,"sol [175] spbp [138 169] "
timing,Incorrect safeApprove usage,setting allowance to zero reintroduces front running attack and undermines the value of safeApprove,"consider using safeIncrease/DecreaseAllowance ",No,sol [149 ] spbp [21 22 177 ]
dos,ETH could get trapped in the protocol,"lack of withdrawETH function cause the remaining ETH to lock up rather than refunding if more than required ETH is sent ","eiher return all the remaining eth or create a function for doing so ",No,"spbp [ 29 170 171 176 ] "
dos,Use of transfer might render ETH impossible to withdraw,"using of transfer function can fail if ( see description below ) ","instead use senvalue function . and check for reentrancy by guard ",No,"sol [33 34 47 159 ]  spbp [15 27 176 ]   "
timing,Not following the Checks-Effects-Interactions pattern,"not following check-effect interaction pattern causes reentrancy ","always follow CEI pattern and use reentrancy guard ",No,"sol [157] spbp [13 177 ] "
auditing & logging,Updating the Governance registry and Guardian addresses emits no events,"no events were emmited when sensitive variables were updates . check details ",consider emmiting these events,No,"spbp [ 45 173 201 ] "
identification,The quorum requirement can be trivially bypassed with sybil accounts,"quorum check can be easily bypassed by splitting one’s token over multiple account and voting with each account ","measure the quorum size by the percentrage of existing tokens that have voted rather than number of unique accounts that have voted ",No,"spbp [ 159 171 172 ] "
timing,Inconsistently checking initialization,"the check for checking wether the contract is initialized is used some function and somewhere not . ",use this consistently,No,"spbp [ 166 177 178 ] "
data validation,Voting period and quorum can be set to zero,even though the value of votingPeriod and votingQuorum are checked that they are greater than 0 but the setter function were allowing them to become zero,adding the validation to the setter functions.,No,spbp [ 138 146 169 ]
configuration,Some state variables are not set during initialize,some state variable were not set during the initialize,set all the variables in initializer or check that they should not be called before initilization,No,sol [ 185-192] spbp [ 96 165 ]
timing,Expired and/or paused options can still be traded,option tokens can still be freely transferred when the Option contract is either paused or expired (or both),"implement the necessary logic to prevent this transfer of token  or document it if not ",Yes,"spl [ 156 ] spbp [ 177 178 137 188 191 ] "
data validation,ERC20 transfers can misbehave,,,Yes,"spbp [107 129 159 169] "
auditing & logging,Incorrect event emission,emitting event before relevant state changes causing incorrect event emission,"emit after state changes ",No,spbp [ 173 178 185 ]
access control,Anyone can liquidate on behalf of another account,"one function bypass the checks of other function ","considering restricting visibility to internal ",No,"spl [23] spbp [ 4 140 148 149 172 181 ] "
dos,Orders cannot be cancelled,"cancel order function only change the mapping . validateOrderParam does not check if order has been cancelled ",Consider adding this check to the order validation to ensure cancelled orders cannot be filled.,No,"spbp [ 169 176 ] "
reentrancy,Re-entrancy possibilities,possibilites of reentrancy can arise if not following CEI pattern,Use CEI pattern always or use reentrancyguard,No,sol [ 157 ] spbp [ 30 173 177 ]
timing,Governance parameter changes should not be instant,,,Yes,
data validation,Votes can be duplicated,"allows voters to blindly copy each other’s submissions each commitment is a https://github.com/UMAprotocol/protocol/blob/9d403ddb5f2f07194daefe7da51e0e0a6306f2c4/core/contracts/oracle/implementation/Voting.sol#L315 , but is not cryptographically tied to the vote","Consider including the voter address within the commitment to prevent votes from being duplicated and also include timestamp . roundID priceIdentifier also ",No,spbp [ 169 171 174 191 ]
"access control, input validation",Document potential edge cases for hook receiver contracts.,"anyone could force a call ",,Yes,
specification,Document token behavior restrictions,"there is no clear documentation of which tokens are supported ( there are diff types of tokens , check details ) ","Document Token Behaviour Restrictions ",No,spbp [ 107 108 129 159 136 137 171 ]
testing,Full test suite is recommended,"Test suite was not complete and had incomplete coverage ","Add a full coverage test suite ",No,spbp [ 155 ]
specification,Kyber getRates code is unclear,function names were not indicating their work and also have some undocumented assumptions as well,Refactor the code and also document any assumptions,No,spbp [137 188]
error handling,Return value is not used for TokenUtils.withdrawTokens,Unchecked Return value Transferred Tokens,"check the return value and use that in the event created ",No,spbp [ 142 171 ]
access control,Missing access control for DefiSaverLogger.Log,"anyone can create logs since there is no access control in the Log function ","add access control ",No,spbp [ 149 173 ]
documentation,Remove stale comments,"Stale Comments about storage slots ","Remove Stale Comments ",No,"spbp [ 154 157 137 ] "
documentation,Discrepancy between code and comments,mistach between code implementation and comment description,Update the code or the comment to be consistent.,No,"spbp [ 154 137 188 ] "
unnecessary code/logic,Remove unnecessary call to DAOfiV1Factory.formula(),"functions were using a private function to call factory and retrieve address which is set in constructor so cannot be changed ",Just replace function calls with variable reads,No,"spbp [ 157 197 ] "
testing,Deeper validation of curve math,"increased testing in mathematically complex logic could have found atleast one issue ",add fuzzing and uint/propert tests,No,"spbp [ 155 170 ] "
application logic,"GovernorAlpha proposals may be canceled by the proposer, even after they have been accepted and queued",proposals can be cancelled even after they have been accepted as one of the conditions to cancel proposal has a complete control of proposer,"prevent proposal from being cancelled unless they have been in pending or active state ",No,"spbp [ 143 145 178 191 ] "
"access control, timing",Require a delay period before granting KYC_ADMIN_ROLE  Acknowledged,"admin could revoke kyc , trust could be slightly decreased  by implementing a delay on granting this ability to new addresses","Add TimeLock to Granting Privileges ",Yes,"sol [ 182 ] spbp [ 163 153 177 181 ] "
documentation,Improve inline documentation and test coverage,"source code had no inline documentation and test coverage was also limited ",consider natspec and increase Test coverage,No,spbp [ 137 154 155 188 ]
configuration,Unspecific compiler version pragma,"floating pragma ","dont use floating pragma ",No,"spbp [ 2 155 ] "
dos,Use of hardcoded gas limits can be problematic,"hardcoded gas assumption is problematic ","be prepared and document that ",No,spbp [ 42 43 44 182 ]
"access control, data validation",Anyone can steal all the funds that belong to ReferralFeeReceiver,"not checking if the address is actually deployed ","enusre the deployment and impelemtn token sorting and de-duplication , reentrancy guard ,testing , documentation",No,"spbp [ 136 137 148 149 155 169 172 ] "
timing,Unpredictable behavior for users due to admin front running or general bad timing,"admin can update or upgrade things without warning . can also be used to frontrun ",Two-step change w/ Time Window for users,No,"sol [182] spbp [ 162 163 177 181 ] "
"documentation, specification",Improve system documentation and create a complete technical specification,"no documentation , only a single readme file ",improve system documentaion and create a complete technical specification,No,"spbp [ 136 137 179 188 ] "
access control,"Ensure system states, roles, and permissions are sufficiently restrictive",Loosely Defined Roles and Permissions,"Document and Monitor the use of admin permission ",No,"spbp [ 148 149 153 172 192 ] "
"access control, specification",Evaluate all tokens prior to inclusion in the system,token with non standard behaviour . eg . ERC777 . or infaltionary deflationary or rebasing tokens,"Evaluate non standard tokens prior to inclusion in the system ",No,"spbp [ 107  108 129 159 136 137 171 ] "
readability,Use descriptive names for contracts and libraries,difficult navigation with no descriptive naming convention,"use descriptive names ",No,"sol [ 97- 101 ] spbp [ 188 197 199 ] "
timing,Prevent contracts from being used before they are entirely initialized,"Users could deposit/withdraw before that contract is completely initialized ",Initialize before Interaction,No,"spbp [ 166 177 178 ] "
dos,Potential resource exhaustion by external calls performed within an unbounded loop,"unbounded loop will exhaust gas and will create dos ",reconsider the logic or bound the loop,No,"spbp [ 42 43 44 176 182 ] "
access control,Owners can never be removed,"old owners can never be removed ","before adding new owners , loop through the current set of owners and clear there is owner booleans ",No,"spbp [ 149 153 172 ] "
flash loans,Potential manipulation of stable interest rates using flash loans,,,Yes,
validation,Only whitelist validated assets,"malicious token can block people from voting ","whitelisted tokens should also be audited ",No,"spbp [ 132 159 180 183 ] "
input validation,Underflow if TOKEN_DECIMALS are greater than 18,"decimal > 18 problem ","add a simple check in the constructor to ensure that the added token has 18 decimals or less ",No,"spbp [ 19 136 137 169 170  ] "
testing,Review Chainlink’s performance at times of price volatility,,,No,"spbp  [155 180 185 ]  "
configuration,Consider an iterative approach to launching. Be aware of and prepare for worst-case scenarios,"system has many components with complex functionality but no apparent upgrade path if any vuln is  discovered after launch ","identify which components were curcial for min viable system to focus efforts on ensuring security of those first . also have a method of pausing and upgrading  ",No,"spbp [ 128-135 197 200 ] "
code refactoring,Use of modifiers for repeated checks,,"use modifiers for common checks within different functions  ",No,"spbp [ 141 188 190 ] "
ordering,Switch modifier order,"reentrancy is after another modifier ","reentrancy modifier should be in precedence ",No,"spbp [ 141 152 178 191 ] "
fragile code,Address codebase fragility,"Codebase if fragile ( check details for definition ) "," single-responsibility principle of functions and Reduce reliance on external systems",No,"spbp [ 180 183 188 197 ] "
reentrancy,Reentrancy could lead to incorrect order of emitted events,order of operations may cause attacker to emit out events in out of order,"apply CEI pattern ",Yes,"spbp [ 13 177 173 ] "
undefined behaviour,Variable shadowing from OUSD to ERC20,OUSD inherits from ERC20 but redefines allowance and total supply so accessign those could leas to differenrt values from what expected . dev clarity <<,"remove shadowed variables ",No,"sol [  106 136 ] spbp [ 188 ]  "
error handling,VaultCore.rebase functions have no return statements,"VaultCore.rebase() and VaultCore.rebase(bool) return a uint but lack a return
statement","add the missing return statements ",No,"spbp [ 142 175 ] "
undefined behaviour,Multiple contracts are missing inheritances,"Multiple contracts are the implementation of their interfaces, but do not inherit from them.","ensure ChainlinkOracle and OpenUniswapOracle inherits from IPriceOracle, and that RebaseHooks inherits from IRebaseHooks",Yes,"spbp [ 156 179 ] "
optimization,Solidity compiler optimizations can be dangerous,"compiler optimizatons are error prone ","evaluate the tradeoff ",No,sol [ 1 77-94 ] spbp [ 183]
access control,Permission-granting is too simplistic and not flexible enough,All the authorized addresses can call any restricted function,"rewrite the authorization system to allow only certain addresses to access certain functions (e.g., the minter address can only call mint in YDai",No,"spbp [ 148 149 160 172 192 193 ] "
data validation,Lack of validation when setting the maturity value,"no validation on timestamp to ensure that it is within acceptable range ","add sanity and threshold checks ",No,"spbp [ 137 138 169 ] "
auditing & logging,Delegates can be added or removed repeatedly to bloat logs,"delegates could be added or removed repeatedly to bloat logs ",add a require statement to check that the delegate address is not already enabled or disabled for the user,No,"spbp [ 157 173 ] "
auditing & logging,Lack of events for critical operations,"lack of events for critical operations ","add event where appropropriate ",No,"spbp [ 45 173 201 ] "
error handling,_assertStakingPoolExists never returns true,"function should have returned boolean but it didnt used return statement resulting in always false or revert ","add a return statement or remove return type ",No,"spbp [ 142 175 ] "
specification,_min* and _max* have unorthodox semantics,"_minTargetAmount_maxOriginAmount are used as open ranges which contradicts the conventional def. of minimum and maximum ","use conventional norms or document otherwise ",No,"spbp [ 28 136 137 170 ] "
undefined behaviour,CurveFactory.newCurve returns existing curves without provided arguments,function call to create a new curve returns existing curve if the pair is already existed but without any indication,"should revert if a pair already exists and provide a view function to check for and retrieve existing curves prior to an attempt for curve creation ",Yes,"spbp [ 179 188 ] "
data validation,Missing zero-address checks in Curve.transferOwnership and Router.constructor,"functions were missing zero address check  in  Curve.transferOwnershipand Router.constructor functions ","the code that set state variables should perform zero address check ",No,"spbp [ 49 138 146 162 169 ] "
error handling,safeApprove does not check return values for approve call,custom made approve function check that  a call to approve was successful but does not check returndata to verify wether the call returned true,"use openzeppelin safeApprove and also ensure that all the low level calls have accompanying contract existence checks and return value checks where appropriate ",Yes,"spbp [ 142 175 190 ] "
configuration,"ERC20 token Curve does not implement symbol, name, or decimals","no name , symbol or decimals was implemented in ERC20 token Curve ","implement simple names symbols and decimals ",No,"spbp [ 103 169 ] "
data validation,Insufficient use of SafeMath,"SafeMath was not used in some places ","Consistently use SafeMath ",No,"spbp [ 19 169 170 ] "
"dos, timing",setFrozen can be front-run to deny deposits/swaps,"blocking contract through setFrozen function by admin could be abused to front run and then unfreezing ","rewrite the logic such that any contract freeze would not last long enough for a malicious owner to easily execute an attack or consider permanent freeze ",No,"spbp [ 21 176 181 ] "
dos,Account creation spam,"no fees on account creation can be abused to spam with accounts ","add a fee for account creation and also monitor and alter if such activity occurs ",No,"spbp [ 173 176 181 ] "
undefined behaviour,Using empty functions instead of interfaces leaves contract error-prone,"contract was meant to be interface which it didn’t ","use interface instead of contract , (see the benifits in report ) ",No,"spbp [ 156 179 ] "
data validation,cancelTransaction can be called on non-queued transaction,"cancelTransaction can be called without the transaction existence check . attacker could confuse monitoring systems ","check that the trasaction is queued or not ",No,"spbp [ 160 173 ] "
patching,Contracts used as dependencies do not track upstream changes,"3rd party contracts were copy pasted and no documentation of version used or if modified . leads to unreiable security fixes ","Review the codebase and document each dependency with version used , also include 3rd party sources as submodules in git repo  so that dependencies  can be updated periodically ",No,"spbp [ 165 180 183 190 ] "
access control,Expected behavior regarding authorization for adding tokens is unclear,"addToken allows anyone to list a new token on Hermez.  contradicts online
documentation, which says that only the governance should have this authorization.","update either the implementaion or the authorization ",No,"spbp [ 129 136 172 188 ] "
undefined behaviour,Contract name duplication leaves codebase error-prone,"contract have duplicate names that will lead to incorrect json artifacts preventing 3rd party to use their tools ","avoid duplicate contract names or use slither ",No,"sol [ 97-101 ] spbp [ 188 197 199 ] "
patching,Use of hard-coded addresses may cause errors,"hardcoded addresses can cause errors ","set addresses when contract were create rather than hardcoded values ",No,"spbp [ 155 165 166 ] "
configuration,Borrow rate depends on approximation of blocks per year,"incorrect assumption of blocks per year . it could change over time ","analyze the effect of this deviation and document that ",Yes,"spbp [ 18 165 166 184 ] "
data validation,Flash loan rate lacks bounds and can be set arbitrarily,"There are no lower or upper bounds on the flash loan rate  implemented in the contract so the flash loan rate can be set arbitrarly ","set low/high bounds ",No,"spbp [ 138 146 169 ] "
patching,Logic duplicated across code,"logic had duplicated code , risk of bugs","use inheritance , minimize the copy paste require if bugs exist ",No,"spbp [ 97-101 165 188 190 197 199 "
testing,Insufficient testing,"Insufficient Testing ","ensure all coverage and all cases ",No,"spbp [ 155 ] "
patching,Project dependencies contain vulnerabilities,"off chain dependencies with knows vulns ","ensure that the dependencies were tracked verified patched and audited ",No,"spbp [ 165 180 183 ] "
documentation,Lack of contract documentation makes codebase difficult to understand,"codebase lacking documentation ","properly document ",No,"spbp [ 136 137 199 ] "
patching,ABIEncoderV2 is not production-ready,,,No,
access control,Contract owner has too many privileges,"contract owner had too many priviledge ","document the function and implementation the owner could change , and split privilidge such that no address has majority ownership ",No,"spbp [ 148 149 160 172 192 193 ] "
error handling,Poor error-handling practices in test suite,"test suite had poor error handling certain component lack error handling methods ( details below ) ","test operation against a specfic error messages ",Yes,"spbp [ 155 ] "
patching,Redundant and Unused Code,"redundant and unused codes ","remove such constructs ",No,"spbp [ 157 ] "
data validation,Single Account Can Capture All Supply,"a single account could capture all the supply eth protocol ","document this behaviour and enforce a cap ",No,"spbp [ 158 169 170 171 ] "
input validation,Insufficient Input Validation,"constructor has no zero address check ","check address ",No,spbp [ 49 138 149 169 ]
auditing & logging,Unused Event Logs,"log events were declared but never emit ","emit these events or remove entirely ",No,"spbp [ 156 173 ] "
data validation,Possible Unintended Token Burning in transferFrom() Function,"transferFrom() does not check ‘to’ address against this burn address , user can accidentally send there ","add a require to not send tokens on burn address ",No,spbp [ 49 138 146 169 171 175 ]
dos,Denial of Service Vector from Unbound List,"unbounded list can exceed block gas limit ","restrict the length or use the gasleft solidity primitive ",No,"spbp [ 42 43 44 176 182 ] "
timing,ERC20 Implementation Vulnerable to Front-Running,"erc20 approve vulnerable to front running ","use openzeppelin , incr",No,"spbp [ 21 22 105 177 ] "
error checking,Unnecessary require Statement,"unnecessary require() ","remove the require statement ",No,"spbp [ 157 ] "
data validation,Rounding to Zero if Duration is Greater Than Reward,"rounding to zero if the duration > reward ( check the formula below for calculating the rewardRate ) ","document the issue and also provide a way to claim rewards after rounding ",No,"spbp [ 20 169 170 ] "
auditing & logging,Withdrawn Event Log Poisoning,"event can be called continously could lead to event log poisioning ","add a require statement ",No,"spbp [ 138 173 ] "
specification,Insufficient incentives to liquidator,"insufficient incentive to liquidator ","change the incentive design ",No,"spbp [ 143 187 ] "
specification,Markets can become insolvent,,,Yes,
patching,Not using OpenZeppelin contracts,"code duplication instead of importing the official ones ","import the libraries ",No,"spbp [ 190 ] "
auditing & logging,Lack of indexed parameters in events,"event parameters not indexed ","consider indexing ",No,"spbp [ 46 173 ] "
readability,Named return variables,"inconsistent use of named return variables ","removing named return variables ",Yes,"spbp [ 142 164 188  ] "
timing,block.timestamp Unreliable,"block.timestamp should not be used ","test this issue and document ",No,"spbp [ 17 18 160 177 ] "
error checking,Assignment in require statement,"assignment in a require statement deviation from the norm ","only use require for condition checking ",No,"spbp [ 51 175 188 ] "
patching,Commented code,"codebase had lines of codes that has been commented out ","remove or uncomment the code ",No,"spbp [ 154 188 ] "
error handling,Misleading revert messages,"revert messages were uninformative and misleading ","use informative and meaningful messages ",No,"spbp [ 175 188 199 ] "
configuration,Multiple outdated Solidity versions in use,"outdated versions of solidity are being used ",,No,
testing,Test and production constants in the same codebase,"test and production constants being in the same codebase  ",,Yes,
specification,Unnecessarily small integer sizes,"unecessary small integers increase gas cost ",use uint256,No,"spbp [ 136 197 ] "
specification,Use of uint instead of uint256,"using uint instead uin256 ","replace all those instances ",No,"spbp [ 164 188 ] "
specification,Functions with unexpected side-effects,"function names with unexpected side - effects were not clear in names of the function ","sync names of functions with action or separate into getters and setters ",No,"sol [ 97-101 ]  spbp [ 188 197 199 ] "
data validation,Unsafe casting,"unsafe casting uint → int ","verify range and use safecast ",Yes,"sol [ 177 ] spbp [ 19 169 170 ] "
error checking,Missing error messages in require statements,"missing error messages in require statements if they fail the transaction woudl revert silently ",,No,
testing,Uncommented assembly block,"assembly use in multiple contracts is complex ",,No,
error checking,Unnecessary require statements,,,Yes,
auditing & logging,Unnecessary event emission,,,No,
data validation,oToken can be created with a non-whitelisted collateral asset,"protocil token could be create with non - whitelisted collateral assets ","validate whitelisting ",No,"spbp [ 132 159 180 183 ] "
specification,Mismatches between contracts and interfaces,interface had some function that were not defined in the parent contract`,"syn mismatches ",No,"spbp [ 136 179 188 ] "
timing,Actions not executed atomically might lead to inconsistent state,,,Yes,
patching,Chainlink pricer is using a deprecated API,"deprecated chainlink api ","use latest api ",No,
data validation,Funds can be lost," duplicate user balances were counted multiple times ","check for duplicate users ",No,"spbp [ 150 170 171 ] "
patching,Use delete to clear variables,Controller contract sets a variable to the zero address in order to clear it.,Consider replacing assignments of zero with delete statements.,Yes,"spbp [ 164 167 188 ] "
,,,,No,
,,,,No,